{
	"credit": "Made with Blockbench",
	"display": {
		"gui": {
			"rotation": [30, -45, 0],
			"translation": [0, 0, 0],
			"scale": [0.625, 0.625, 0.625]
		},
		"ground": {
			"rotation": [0, 0, 0],
			"translation": [0, 3, 0],
			"scale": [0.6, 0.6, 0.6]
		},
		"fixed": {
			"rotation": [-90, 180, 0],
			"translation": [0, 0, -16],
			"scale": [2, 2, 2]
		},
		"thirdperson_righthand": {
			"rotation": [75, 45, 0],
			"translation": [0, 3, 0],
			"scale": [0.6, 0.6, 0.6]
		},
		"firstperson_righthand": {
			"rotation": [0, 45, 0],
			"translation": [1, 3.5, 1],
			"scale": [0.7, 0.7, 0.7]
		}
	}
}