{
	"credit": "Made with Blockbench",
	"parent": "./cit_item",
	"texture_size": [64, 64],
	"textures": {
		"0": "./iron_block_0",
		"particle": "./iron_block_0"
	},
	"elements": [
		{
			"from": [13, 0, 9],
			"to": [14, 1, 10],
			"rotation": {"angle": 0, "axis": "y", "origin": [21, 8, 17]},
			"faces": {
				"north": {"uv": [1.25, 4.5, 1.5, 4.75], "texture": "#0"},
				"east": {"uv": [1.25, 4.5, 1.5, 4.75], "texture": "#0"},
				"south": {"uv": [1.25, 4.5, 1.5, 4.75], "texture": "#0"},
				"west": {"uv": [1.25, 4.5, 1.5, 4.75], "texture": "#0"},
				"up": {"uv": [1.25, 4.5, 1.5, 4.75], "texture": "#0"},
				"down": {"uv": [1.25, 4.5, 1.5, 4.75], "texture": "#0"}
			}
		},
		{
			"from": [-14, 0, 9],
			"to": [-13, 1, 10],
			"rotation": {"angle": 0, "axis": "y", "origin": [-6, 8, 17]},
			"faces": {
				"north": {"uv": [1.25, 4.5, 1.5, 4.75], "texture": "#0"},
				"east": {"uv": [1.25, 4.5, 1.5, 4.75], "texture": "#0"},
				"south": {"uv": [1.25, 4.5, 1.5, 4.75], "texture": "#0"},
				"west": {"uv": [1.25, 4.5, 1.5, 4.75], "texture": "#0"},
				"up": {"uv": [1.25, 4.5, 1.5, 4.75], "texture": "#0"},
				"down": {"uv": [1.25, 4.5, 1.5, 4.75], "texture": "#0"}
			}
		},
		{
			"from": [13, -1, 8],
			"to": [14, 0, 10],
			"rotation": {"angle": 0, "axis": "y", "origin": [21, 7, 16]},
			"faces": {
				"north": {"uv": [1, 4.5, 1.25, 4.75], "texture": "#0"},
				"east": {"uv": [0.5, 5, 0.75, 5.5], "texture": "#0"},
				"south": {"uv": [1, 4.75, 1.25, 5], "texture": "#0"},
				"west": {"uv": [0.5, 4.5, 0.75, 5], "texture": "#0"},
				"up": {"uv": [0.75, 4.5, 1, 5], "texture": "#0"},
				"down": {"uv": [0.75, 5, 1, 5.5], "texture": "#0"}
			}
		},
		{
			"from": [-14, -1, 8],
			"to": [-13, 0, 10],
			"rotation": {"angle": 0, "axis": "y", "origin": [-6, 7, 16]},
			"faces": {
				"north": {"uv": [1, 4.5, 1.25, 4.75], "texture": "#0"},
				"east": {"uv": [0.5, 5, 0.75, 5.5], "texture": "#0"},
				"south": {"uv": [1, 4.75, 1.25, 5], "texture": "#0"},
				"west": {"uv": [0.5, 4.5, 0.75, 5], "texture": "#0"},
				"up": {"uv": [0.75, 4.5, 1, 5], "texture": "#0"},
				"down": {"uv": [0.75, 5, 1, 5.5], "texture": "#0"}
			}
		},
		{
			"from": [-16, 1, 8.5],
			"to": [16, 19, 10.5],
			"rotation": {"angle": 0, "axis": "y", "origin": [-8, 9, 16.5]},
			"faces": {
				"north": {"uv": [0, 0, 8, 4.5], "texture": "#0"},
				"east": {"uv": [15.5, 0, 16, 4.5], "texture": "#0"},
				"south": {"uv": [8, 0, 16, 4.5], "texture": "#0"},
				"west": {"uv": [0, 4.5, 0.5, 9], "texture": "#0"},
				"up": {"uv": [8, 4.5, 16, 5], "texture": "#0"},
				"down": {"uv": [8, 4.5, 16, 5], "texture": "#0"}
			}
		}
	],
	"groups": [
		{
			"name": "Legs",
			"origin": [-6, 9, 17],
			"children": [0, 1, 2, 3]
		}, 4]
}